Epoch_of_40,train_loss,train_accuracy,test_loss,test_accuracy
0,1.2029411754184298,0.5702,1.1440884822845458,0.597
